-- ============================================================
-- 人力资源数据中心系统 - Hive 数据库初始化脚本（真实数据版本）
-- Hive 3.1.3 | 数据库: hr_db
-- 说明: 完全对齐MySQL数据库结构，使用真实企业模拟数据
-- 执行: 在 Hive 客户端或 beeline 中执行
-- ============================================================

-- ============================================================
-- 1. 创建数据库
-- ============================================================
CREATE DATABASE IF NOT EXISTS hr_db
  COMMENT '人力资源数据中心数仓库，与 MySQL hr_db 结构完全对齐'
  LOCATION '/user/hive/warehouse/hr_db.db';

USE hr_db;

-- ============================================================
-- 2. 创建表结构 (完全对齐MySQL)
-- ============================================================

-- ------------------------------------------------------------
-- 2.1 hr_department - 部门表
-- ------------------------------------------------------------
DROP TABLE IF EXISTS hr_db.hr_department;
CREATE TABLE hr_db.hr_department (
  id          BIGINT   COMMENT '主键ID',
  name        STRING   COMMENT '部门名称',
  parent_id   BIGINT   COMMENT '父部门ID: 0=顶级',
  sort_order  INT      COMMENT '排序序号'
)
COMMENT '部门表'
STORED AS PARQUET;

-- ------------------------------------------------------------
-- 2.2 sys_user - 用户表
-- ------------------------------------------------------------
DROP TABLE IF EXISTS hr_db.sys_user;
CREATE TABLE hr_db.sys_user (
  id          BIGINT   COMMENT '主键ID',
  username    STRING   COMMENT '工号',
  password    STRING   COMMENT 'BCrypt加密密码',
  name        STRING   COMMENT '姓名',
  role        STRING   COMMENT '角色: HR_ADMIN/DEPT_HEAD/MANAGEMENT/EMPLOYEE',
  dept_id     BIGINT   COMMENT '所属部门ID',
  dept_name   STRING   COMMENT '部门名称',
  dept_scope  STRING   COMMENT '部门范围JSON数组 [101,102,103]',
  phone       STRING   COMMENT '手机号',
  email       STRING   COMMENT '邮箱',
  status      TINYINT  COMMENT '状态: 0=禁用 1=启用',
  is_deleted  TINYINT  COMMENT '逻辑删除: 0=正常 1=已删除',
  create_time STRING   COMMENT '创建时间',
  update_time STRING   COMMENT '更新时间'
)
COMMENT '用户表'
STORED AS PARQUET;

-- ------------------------------------------------------------
-- 2.3 hr_data_category - 数据分类表
-- ------------------------------------------------------------
DROP TABLE IF EXISTS hr_db.hr_data_category;
CREATE TABLE hr_db.hr_data_category (
  id          BIGINT   COMMENT '主键ID',
  name        STRING   COMMENT '分类名称',
  parent_id   BIGINT   COMMENT '父分类ID: 0=顶级',
  sort_order  INT      COMMENT '排序序号'
)
COMMENT '数据分类表'
STORED AS PARQUET;

-- ------------------------------------------------------------
-- 2.4 employee_profile - 员工档案表
-- ------------------------------------------------------------
DROP TABLE IF EXISTS hr_db.employee_profile;
CREATE TABLE hr_db.employee_profile (
  id            BIGINT   COMMENT '主键ID',
  employee_no   STRING   COMMENT '员工编号',
  name          STRING   COMMENT '姓名',
  dept_id       BIGINT   COMMENT '部门ID',
  dept_name     STRING   COMMENT '部门名称(冗余)',
  job           STRING   COMMENT '岗位',
  category_id   BIGINT   COMMENT '数据分类ID (1-8)',
  value         FLOAT    COMMENT '指标值',
  period        STRING   COMMENT '统计周期(YYYYMM)',
  is_deleted    TINYINT  COMMENT '逻辑删除: 0=正常 1=已删除',
  create_time   STRING   COMMENT '创建时间'
)
COMMENT '员工档案表'
STORED AS PARQUET;

-- ------------------------------------------------------------
-- 2.5 warning_rule - 预警规则表
-- ------------------------------------------------------------
DROP TABLE IF EXISTS hr_db.warning_rule;
CREATE TABLE hr_db.warning_rule (
  id            BIGINT   COMMENT '主键ID',
  rule_type     STRING   COMMENT '规则类型: FLIGHT_RISK/TALENT_SHORTAGE/COST_OVER',
  threshold     FLOAT    COMMENT '阈值',
  description   STRING   COMMENT '规则描述',
  effective     TINYINT  COMMENT '是否生效: 0=未生效 1=生效',
  update_log    STRING   COMMENT '修改历史JSON',
  create_time   STRING   COMMENT '创建时间',
  update_time   STRING   COMMENT '更新时间'
)
COMMENT '预警规则表'
STORED AS PARQUET;

-- ------------------------------------------------------------
-- 2.6 report_template - 报表模板表
-- ------------------------------------------------------------
DROP TABLE IF EXISTS hr_db.report_template;
CREATE TABLE hr_db.report_template (
  id            BIGINT   COMMENT '主键ID',
  name          STRING   COMMENT '模板名称',
  description   STRING   COMMENT '模板描述',
  category      STRING   COMMENT '模板分类',
  content       STRING   COMMENT '模板内容(JSON格式)',
  query_sql     STRING   COMMENT '查询语句',
  parameters    STRING   COMMENT '参数配置(JSON格式)',
  chart_config  STRING   COMMENT '图表配置(JSON格式)',
  enabled       TINYINT  COMMENT '是否启用: 0=否 1=是',
  create_time   STRING   COMMENT '创建时间',
  update_time   STRING   COMMENT '更新时间',
  created_by    BIGINT   COMMENT '创建人ID',
  updated_by    BIGINT   COMMENT '更新人ID',
  version       INT      COMMENT '版本号'
)
COMMENT '报表模板表'
STORED AS PARQUET;

-- ------------------------------------------------------------
-- 2.7 sys_favorite - 收藏表
-- ------------------------------------------------------------
DROP TABLE IF EXISTS hr_db.sys_favorite;
CREATE TABLE hr_db.sys_favorite (
  id          BIGINT   COMMENT '主键ID',
  user_id     BIGINT   COMMENT '用户ID',
  fav_type    STRING   COMMENT '收藏类型: REPORT/WARNING/TALENT',
  report_id   BIGINT   COMMENT '报表ID',
  title       STRING   COMMENT '标题',
  create_time STRING   COMMENT '创建时间'
)
COMMENT '收藏表'
STORED AS PARQUET;

-- ------------------------------------------------------------
-- 2.8 data_sync_log - 数据同步日志表
-- ------------------------------------------------------------
DROP TABLE IF EXISTS hr_db.data_sync_log;
CREATE TABLE hr_db.data_sync_log (
  id                  BIGINT   COMMENT '主键ID',
  start_time          STRING   COMMENT '同步开始时间',
  end_time            STRING   COMMENT '同步结束时间',
  status              STRING   COMMENT '状态: SUCCESS/FAILED',
  records_processed   BIGINT   COMMENT '处理记录数',
  details             STRING   COMMENT '同步详情',
  create_time         STRING   COMMENT '创建时间'
)
COMMENT '数据同步日志表'
STORED AS PARQUET;

-- ------------------------------------------------------------
-- 2.9 sys_log - 操作日志表
-- ------------------------------------------------------------
DROP TABLE IF EXISTS hr_db.sys_log;
CREATE TABLE hr_db.sys_log (
  id          BIGINT   COMMENT '主键ID',
  user_id     BIGINT   COMMENT '操作人ID',
  username    STRING   COMMENT '操作人工号',
  operation   STRING   COMMENT '操作类型',
  method      STRING   COMMENT '请求方法',
  params      STRING   COMMENT '请求参数',
  ip          STRING   COMMENT 'IP地址',
  create_time STRING   COMMENT '创建时间'
)
COMMENT '操作日志表'
STORED AS PARQUET;

-- ============================================================
-- 3. 插入真实企业模拟数据
-- ============================================================

-- ------------------------------------------------------------
-- 3.1 hr_department - 真实企业部门结构
-- ------------------------------------------------------------
INSERT INTO hr_db.hr_department VALUES
(1, '销售部', 0, 1),
(2, '研发部', 0, 2),
(3, '人事部', 0, 3),
(4, '财务部', 0, 4),
(5, '市场部', 0, 5),
(6, '运营部', 0, 6),
(7, '客服部', 0, 7),
(8, '采购部', 0, 8),
(9, '生产部', 0, 9),
(10, '技术部', 0, 10),
(11, '华东大区', 1, 11),
(12, '华北大区', 1, 12),
(13, '华南大区', 1, 13),
(14, '西南大区', 1, 14),
(15, '产品研发中心', 2, 15),
(16, '技术研发中心', 2, 16),
(17, '测试中心', 2, 17);

-- ------------------------------------------------------------
-- 3.2 sys_user - 真实企业用户数据
-- ------------------------------------------------------------
INSERT INTO hr_db.sys_user VALUES
(1, 'admin', '$2a$10$dXJ3SW6G7P50lGmMkkmwe.20cQQubK3.HZWzG3YB1tlRy.fqvM/BG', '王建国', 'HR_ADMIN', 3, '人事部', '[1,2,3,4,5,6,7,8,9,10,11,12,13,14,15,16,17]', '13800138001', 'wangjianguo@company.com', 1, 0, '2024-01-15 09:00:00', '2024-12-01 10:30:00'),
(2, 'S001', '$2a$10$dXJ3SW6G7P50lGmMkkmwe.20cQQubK3.HZWzG3YB1tlRy.fqvM/BG', '张伟', 'DEPT_HEAD', 1, '销售部', '[1,11,12,13,14]', '13800138002', 'zhangwei@company.com', 1, 0, '2023-03-20 14:00:00', '2024-12-01 09:15:00'),
(3, 'S002', '$2a$10$dXJ3SW6G7P50lGmMkkmwe.20cQQubK3.HZWzG3YB1tlRy.fqvM/BG', '李娜', 'DEPT_HEAD', 2, '研发部', '[2,15,16,17]', '13800138003', 'lina@company.com', 1, 0, '2023-05-10 10:00:00', '2024-12-01 11:20:00'),
(4, 'S003', '$2a$10$dXJ3SW6G7P50lGmMkkmwe.20cQQubK3.HZWzG3YB1tlRy.fqvM/BG', '陈明', 'MANAGEMENT', 3, '人事部', '[1,2,3,4,5,6,7,8,9,10]', '13800138004', 'chenming@company.com', 1, 0, '2022-08-15 11:00:00', '2024-12-01 14:45:00'),
(5, 'E001', '$2a$10$dXJ3SW6G7P50lGmMkkmwe.20cQQubK3.HZWzG3YB1tlRy.fqvM/BG', '赵强', 'EMPLOYEE', 1, '销售部', NULL, '13800138005', 'zhaoqiang@company.com', 1, 0, '2023-06-01 09:00:00', '2024-12-01 08:30:00'),
(6, 'E002', '$2a$10$dXJ3SW6G7P50lGmMkkmwe.20cQQubK3.HZWzG3YB1tlRy.fqvM/BG', '刘芳', 'EMPLOYEE', 2, '研发部', NULL, '13800138006', 'liufang@company.com', 1, 0, '2023-07-15 10:30:00', '2024-12-01 16:20:00'),
(7, 'E003', '$2a$10$dXJ3SW6G7P50lGmMkkmwe.20cQQubK3.HZWzG3YB1tlRy.fqvM/BG', '孙磊', 'EMPLOYEE', 1, '销售部', NULL, '13800138007', 'sunlei@company.com', 1, 0, '2023-08-20 08:45:00', '2024-12-01 09:00:00'),
(8, 'E004', '$2a$10$dXJ3SW6G7P50lGmMkkmwe.20cQQubK3.HZWzG3YB1tlRy.fqvM/BG', '周静', 'EMPLOYEE', 3, '人事部', NULL, '13800138008', 'zhoujing@company.com', 1, 0, '2023-09-10 14:15:00', '2024-12-01 10:00:00'),
(9, 'E005', '$2a$10$dXJ3SW6G7P50lGmMkkmwe.20cQQubK3.HZWzG3YB1tlRy.fqvM/BG', '吴敏', 'EMPLOYEE', 4, '财务部', NULL, '13800138009', 'wumin@company.com', 1, 0, '2023-10-05 11:30:00', '2024-12-01 13:45:00'),
(10, 'M001', '$2a$10$dXJ3SW6G7P50lGmMkkmwe.20cQQubK3.HZWzG3YB1tlRy.fqvM/BG', '郑华', 'DEPT_HEAD', 4, '财务部', '[4]', '13800138010', 'zhenghua@company.com', 1, 0, '2022-11-20 09:00:00', '2024-12-01 15:30:00'),
(11, 'E006', '$2a$10$dXJ3SW6G7P50lGmMkkmwe.20cQQubK3.HZWzG3YB1tlRy.fqvM/BG', '王磊', 'EMPLOYEE', 5, '市场部', NULL, '13800138011', 'wanglei@company.com', 1, 0, '2023-11-15 10:00:00', '2024-12-01 08:00:00'),
(12, 'M002', '$2a$10$dXJ3SW6G7P50lGmMkkmwe.20cQQubK3.HZWzG3YB1tlRy.fqvM/BG', '李萍', 'DEPT_HEAD', 5, '市场部', '[5]', '13800138012', 'liping@company.com', 1, 0, '2022-12-10 11:00:00', '2024-12-01 14:00:00'),
(13, 'E007', '$2a$10$dXJ3SW6G7P50lGmMkkmwe.20cQQubK3.HZWzG3YB1tlRy.fqvM/BG', '张伟', 'EMPLOYEE', 6, '运营部', NULL, '13800138013', 'zhangwei2@company.com', 1, 0, '2024-01-10 09:30:00', '2024-12-01 10:45:00'),
(14, 'E008', '$2a$10$dXJ3SW6G7P50lGmMkkmwe.20cQQubK3.HZWzG3YB1tlRy.fqvM/BG', '刘洋', 'EMPLOYEE', 7, '客服部', NULL, '13800138014', 'liuyang@company.com', 1, 0, '2024-02-20 13:00:00', '2024-12-01 11:30:00'),
(15, 'E009', '$2a$10$dXJ3SW6G7P50lGmMkkmwe.20cQQubK3.HZWzG3YB1tlRy.fqvM/BG', '陈晨', 'EMPLOYEE', 8, '采购部', NULL, '13800138015', 'chenchen@company.com', 1, 0, '2024-03-15 14:00:00', '2024-12-01 09:15:00'),
(16, 'E010', '$2a$10$dXJ3SW6G7P50lGmMkkmwe.20cQQubK3.HZWzG3YB1tlRy.fqvM/BG', '赵婷', 'EMPLOYEE', 9, '生产部', NULL, '13800138016', 'zhaoting@company.com', 1, 0, '2024-04-10 10:00:00', '2024-12-01 15:00:00'),
(17, 'E011', '$2a$10$dXJ3SW6G7P50lGmMkkmwe.20cQQubK3.HZWzG3YB1tlRy.fqvM/BG', '孙丽', 'EMPLOYEE', 10, '技术部', NULL, '13800138017', 'sunli@company.com', 1, 0, '2024-05-20 11:00:00', '2024-12-01 08:30:00'),
(18, 'E012', '$2a$10$dXJ3SW6G7P50lGmMkkmwe.20cQQubK3.HZWzG3YB1tlRy.fqvM/BG', '周杰', 'EMPLOYEE', 15, '产品研发中心', NULL, '13800138018', 'zhoujie@company.com', 1, 0, '2024-06-15 09:00:00', '2024-12-01 12:00:00'),
(19, 'E013', '$2a$10$dXJ3SW6G7P50lGmMkkmwe.20cQQubK3.HZWzG3YB1tlRy.fqvM/BG', '吴磊', 'EMPLOYEE', 16, '技术研发中心', NULL, '13800138019', 'wulei@company.com', 1, 0, '2024-07-20 10:30:00', '2024-12-01 14:15:00'),
(20, 'E014', '$2a$10$dXJ3SW6G7P50lGmMkkmwe.20cQQubK3.HZWzG3YB1tlRy.fqvM/BG', '郑敏', 'EMPLOYEE', 17, '测试中心', NULL, '13800138020', 'zhengmin@company.com', 1, 0, '2024-08-10 11:00:00', '2024-12-01 09:45:00');

-- ------------------------------------------------------------
-- 3.3 hr_data_category - 数据分类数据
-- ------------------------------------------------------------
INSERT INTO hr_db.hr_data_category VALUES
(1, '组织效能分析', 0, 1),
(2, '人才梯队建设', 0, 2),
(3, '薪酬福利分析', 0, 3),
(4, '绩效管理体系', 0, 4),
(5, '员工流失预警', 0, 5),
(6, '培训效果评估', 0, 6),
(7, '人力成本优化', 0, 7),
(8, '人才发展预测', 0, 8);

-- ------------------------------------------------------------
-- 3.4 employee_profile - 真实企业员工档案数据
-- category_id说明:
-- 1=组织效能分析(75-95分), 2=人才梯队建设(70-92分), 3=薪酬福利分析(8000-35000元)
-- 4=绩效管理体系(65-98分), 5=员工流失预警(2-15%), 6=培训效果评估(75-96分)
-- 7=人力成本优化(5000-45000元), 8=人才发展预测(72-94分)
-- ------------------------------------------------------------
INSERT INTO hr_db.employee_profile VALUES
-- 销售部员工数据 - 组织效能分析
(1, 'E001', '赵强', 1, '销售部', '销售经理', 1, 87.5, '202401', 0, '2024-01-15 09:00:00'),
(2, 'E003', '孙磊', 1, '销售部', '销售代表', 1, 82.3, '202401', 0, '2024-01-15 09:00:00'),
(3, 'E015', '杨帆', 1, '销售部', '销售主管', 1, 85.8, '202401', 0, '2024-01-15 09:00:00'),
(4, 'E020', '黄磊', 1, '销售部', '销售代表', 1, 79.2, '202401', 0, '2024-01-15 09:00:00'),
(5, 'E025', '周涛', 1, '销售部', '销售经理', 1, 88.9, '202401', 0, '2024-01-15 09:00:00'),

-- 研发部员工数据 - 组织效能分析
(6, 'E002', '刘芳', 2, '研发部', '高级工程师', 1, 91.2, '202401', 0, '2024-01-15 09:00:00'),
(7, 'E018', '周杰', 2, '产品研发中心', '产品经理', 1, 89.5, '202401', 0, '2024-01-15 09:00:00'),
(8, 'E019', '吴磊', 2, '技术研发中心', '技术总监', 1, 93.8, '202401', 0, '2024-01-15 09:00:00'),
(9, 'E021', '郑华', 2, '研发部', '架构师', 1, 90.7, '202401', 0, '2024-01-15 09:00:00'),
(10, 'E026', '李明', 2, '技术研发中心', '高级工程师', 1, 88.4, '202401', 0, '2024-01-15 09:00:00'),

-- 人事部员工数据 - 组织效能分析
(11, 'E004', '周静', 3, '人事部', 'HR专员', 1, 84.6, '202401', 0, '2024-01-15 09:00:00'),
(12, 'E027', '王芳', 3, '人事部', '招聘经理', 1, 86.3, '202401', 0, '2024-01-15 09:00:00'),
(13, 'E028', '张丽', 3, '人事部', '培训主管', 1, 83.9, '202401', 0, '2024-01-15 09:00:00'),
(14, 'E029', '陈静', 3, '人事部', '薪酬专员', 1, 85.1, '202401', 0, '2024-01-15 09:00:00'),
(15, 'E030', '刘洋', 3, '人事部', '人事经理', 1, 87.2, '202401', 0, '2024-01-15 09:00:00'),

-- 财务部员工数据 - 组织效能分析
(16, 'E005', '吴敏', 4, '财务部', '会计', 1, 86.8, '202401', 0, '2024-01-15 09:00:00'),
(17, 'E031', '赵婷', 4, '财务部', '财务经理', 1, 89.4, '202401', 0, '2024-01-15 09:00:00'),
(18, 'E032', '孙磊', 4, '财务部', '出纳', 1, 84.2, '202401', 0, '2024-01-15 09:00:00'),
(19, 'E033', '周杰', 4, '财务部', '成本会计', 1, 85.7, '202401', 0, '2024-01-15 09:00:00'),
(20, 'E034', '吴芳', 4, '财务部', '审计专员', 1, 87.1, '202401', 0, '2024-01-15 09:00:00'),

-- 市场部员工数据 - 组织效能分析
(21, 'E011', '王磊', 5, '市场部', '市场经理', 1, 88.5, '202401', 0, '2024-01-15 09:00:00'),
(22, 'E035', '李萍', 5, '市场部', '营销总监', 1, 91.8, '202401', 0, '2024-01-15 09:00:00'),
(23, 'E036', '张伟', 5, '市场部', '品牌经理', 1, 86.2, '202401', 0, '2024-01-15 09:00:00'),
(24, 'E037', '刘芳', 5, '市场部', '市场专员', 1, 83.4, '202401', 0, '2024-01-15 09:00:00'),
(25, 'E038', '陈晨', 5, '市场部', '活动策划', 1, 85.9, '202401', 0, '2024-01-15 09:00:00'),

-- 人才梯队建设数据
(26, 'E001', '赵强', 1, '销售部', '销售经理', 2, 85.2, '202401', 0, '2024-01-15 09:00:00'),
(27, 'E002', '刘芳', 2, '研发部', '高级工程师', 2, 88.6, '202401', 0, '2024-01-15 09:00:00'),
(28, 'E019', '吴磊', 2, '技术研发中心', '技术总监', 2, 91.3, '202401', 0, '2024-01-15 09:00:00'),
(29, 'E035', '李萍', 5, '市场部', '营销总监', 2, 90.5, '202401', 0, '2024-01-15 09:00:00'),
(30, 'E031', '赵婷', 4, '财务部', '财务经理', 2, 87.8, '202401', 0, '2024-01-15 09:00:00'),
(31, 'E025', '杨帆', 1, '销售部', '销售主管', 2, 83.5, '202401', 0, '2024-01-15 09:00:00'),
(32, 'E018', '周杰', 2, '产品研发中心', '产品经理', 2, 86.4, '202401', 0, '2024-01-15 09:00:00'),
(33, 'E021', '郑华', 2, '研发部', '架构师', 2, 89.2, '202401', 0, '2024-01-15 09:00:00'),
(34, 'E030', '刘洋', 3, '人事部', '人事经理', 2, 84.7, '202401', 0, '2024-01-15 09:00:00'),
(35, 'E036', '张伟', 5, '市场部', '品牌经理', 2, 85.9, '202401', 0, '2024-01-15 09:00:00'),

-- 薪酬福利分析数据（真实薪资范围）
(36, 'E001', '赵强', 1, '销售部', '销售经理', 3, 18500.0, '202401', 0, '2024-01-15 09:00:00'),
(37, 'E002', '刘芳', 2, '研发部', '高级工程师', 3, 22000.0, '202401', 0, '2024-01-15 09:00:00'),
(38, 'E019', '吴磊', 2, '技术研发中心', '技术总监', 3, 35000.0, '202401', 0, '2024-01-15 09:00:00'),
(39, 'E035', '李萍', 5, '市场部', '营销总监', 3, 32000.0, '202401', 0, '2024-01-15 09:00:00'),
(40, 'E031', '赵婷', 4, '财务部', '财务经理', 3, 28000.0, '202401', 0, '2024-01-15 09:00:00'),
(41, 'E003', '孙磊', 1, '销售部', '销售代表', 3, 12500.0, '202401', 0, '2024-01-15 09:00:00'),
(42, 'E020', '黄磊', 1, '销售部', '销售代表', 3, 11800.0, '202401', 0, '2024-01-15 09:00:00'),
(43, 'E018', '周杰', 2, '产品研发中心', '产品经理', 3, 26000.0, '202401', 0, '2024-01-15 09:00:00'),
(44, 'E021', '郑华', 2, '研发部', '架构师', 3, 30000.0, '202401', 0, '2024-01-15 09:00:00'),
(45, 'E026', '李明', 2, '技术研发中心', '高级工程师', 3, 24000.0, '202401', 0, '2024-01-15 09:00:00'),
(46, 'E004', '周静', 3, '人事部', 'HR专员', 3, 9500.0, '202401', 0, '2024-01-15 09:00:00'),
(47, 'E029', '陈静', 3, '人事部', '薪酬专员', 3, 10500.0, '202401', 0, '2024-01-15 09:00:00'),
(48, 'E005', '吴敏', 4, '财务部', '会计', 3, 12000.0, '202401', 0, '2024-01-15 09:00:00'),
(49, 'E032', '孙磊', 4, '财务部', '出纳', 3, 8500.0, '202401', 0, '2024-01-15 09:00:00'),
(50, 'E011', '王磊', 5, '市场部', '市场经理', 3, 19500.0, '202401', 0, '2024-01-15 09:00:00'),
(51, 'E036', '张伟', 5, '市场部', '品牌经理', 3, 17500.0, '202401', 0, '2024-01-15 09:00:00'),
(52, 'E007', '张伟', 6, '运营部', '运营专员', 3, 11000.0, '202401', 0, '2024-01-15 09:00:00'),
(53, 'E008', '刘洋', 7, '客服部', '客服专员', 3, 9000.0, '202401', 0, '2024-01-15 09:00:00'),
(54, 'E009', '陈晨', 8, '采购部', '采购专员', 3, 10000.0, '202401', 0, '2024-01-15 09:00:00'),
(55, 'E010', '赵婷', 9, '生产部', '生产主管', 3, 15500.0, '202401', 0, '2024-01-15 09:00:00'),
(56, 'E011', '孙丽', 10, '技术部', '技术专员', 3, 13500.0, '202401', 0, '2024-01-15 09:00:00'),

-- 绩效管理数据（真实绩效分布）
(57, 'E001', '赵强', 1, '销售部', '销售经理', 4, 92.5, '202401', 0, '2024-01-15 09:00:00'),
(58, 'E002', '刘芳', 2, '研发部', '高级工程师', 4, 94.0, '202401', 0, '2024-01-15 09:00:00'),
(59, 'E019', '吴磊', 2, '技术研发中心', '技术总监', 4, 96.5, '202401', 0, '2024-01-15 09:00:00'),
(60, 'E035', '李萍', 5, '市场部', '营销总监', 4, 95.0, '202401', 0, '2024-01-15 09:00:00'),
(61, 'E031', '赵婷', 4, '财务部', '财务经理', 4, 93.5, '202401', 0, '2024-01-15 09:00:00'),
(62, 'E003', '孙磊', 1, '销售部', '销售代表', 4, 85.0, '202401', 0, '2024-01-15 09:00:00'),
(63, 'E020', '黄磊', 1, '销售部', '销售代表', 4, 82.5, '202401', 0, '2024-01-15 09:00:00'),
(64, 'E018', '周杰', 2, '产品研发中心', '产品经理', 4, 91.0, '202401', 0, '2024-01-15 09:00:00'),
(65, 'E021', '郑华', 2, '研发部', '架构师', 4, 93.5, '202401', 0, '2024-01-15 09:00:00'),
(66, 'E026', '李明', 2, '技术研发中心', '高级工程师', 4, 90.0, '202401', 0, '2024-01-15 09:00:00'),
(67, 'E004', '周静', 3, '人事部', 'HR专员', 4, 87.5, '202401', 0, '2024-01-15 09:00:00'),
(68, 'E029', '陈静', 3, '人事部', '薪酬专员', 4, 88.5, '202401', 0, '2024-01-15 09:00:00'),
(69, 'E005', '吴敏', 4, '财务部', '会计', 4, 89.0, '202401', 0, '2024-01-15 09:00:00'),
(70, 'E032', '孙磊', 4, '财务部', '出纳', 4, 85.5, '202401', 0, '2024-01-15 09:00:00'),
(71, 'E011', '王磊', 5, '市场部', '市场经理', 4, 91.5, '202401', 0, '2024-01-15 09:00:00'),
(72, 'E036', '张伟', 5, '市场部', '品牌经理', 4, 89.5, '202401', 0, '2024-01-15 09:00:00'),
(73, 'E007', '张伟', 6, '运营部', '运营专员', 4, 86.0, '202401', 0, '2024-01-15 09:00:00'),
(74, 'E008', '刘洋', 7, '客服部', '客服专员', 4, 84.5, '202401', 0, '2024-01-15 09:00:00'),
(75, 'E009', '陈晨', 8, '采购部', '采购专员', 4, 87.0, '202401', 0, '2024-01-15 09:00:00'),
(76, 'E010', '赵婷', 9, '生产部', '生产主管', 4, 90.5, '202401', 0, '2024-01-15 09:00:00'),
(77, 'E011', '孙丽', 10, '技术部', '技术专员', 4, 88.5, '202401', 0, '2024-01-15 09:00:00'),

-- 员工流失预警数据（真实流失率）
(78, 'E020', '黄磊', 1, '销售部', '销售代表', 5, 8.5, '202401', 0, '2024-01-15 09:00:00'),
(79, 'E037', '刘芳', 5, '市场部', '市场专员', 5, 6.2, '202401', 0, '2024-01-15 09:00:00'),
(80, 'E033', '周杰', 4, '财务部', '成本会计', 5, 4.8, '202401', 0, '2024-01-15 09:00:00'),
(81, 'E027', '王芳', 3, '人事部', '招聘经理', 5, 5.5, '202401', 0, '2024-01-15 09:00:00'),
(82, 'E028', '张丽', 3, '人事部', '培训主管', 5, 4.2, '202401', 0, '2024-01-15 09:00:00'),
(83, 'E034', '吴芳', 4, '财务部', '审计专员', 5, 7.3, '202401', 0, '2024-01-15 09:00:00'),
(84, 'E038', '陈晨', 5, '市场部', '活动策划', 5, 5.8, '202401', 0, '2024-01-15 09:00:00'),
(85, 'E015', '杨帆', 1, '销售部', '销售主管', 5, 9.2, '202401', 0, '2024-01-15 09:00:00'),
(86, 'E025', '周涛', 1, '销售部', '销售经理', 5, 6.8, '202401', 0, '2024-01-15 09:00:00'),
(87, 'E035', '李萍', 5, '市场部', '营销总监', 5, 3.5, '202401', 0, '2024-01-15 09:00:00'),

-- 培训效果评估数据（真实培训分数）
(88, 'E001', '赵强', 1, '销售部', '销售经理', 6, 92.0, '202401', 0, '2024-01-15 09:00:00'),
(89, 'E002', '刘芳', 2, '研发部', '高级工程师', 6, 94.5, '202401', 0, '2024-01-15 09:00:00'),
(90, 'E019', '吴磊', 2, '技术研发中心', '技术总监', 6, 96.0, '202401', 0, '2024-01-15 09:00:00'),
(91, 'E035', '李萍', 5, '市场部', '营销总监', 6, 95.5, '202401', 0, '2024-01-15 09:00:00'),
(92, 'E031', '赵婷', 4, '财务部', '财务经理', 6, 93.8, '202401', 0, '2024-01-15 09:00:00'),
(93, 'E003', '孙磊', 1, '销售部', '销售代表', 6, 88.5, '202401', 0, '2024-01-15 09:00:00'),
(94, 'E020', '黄磊', 1, '销售部', '销售代表', 6, 85.0, '202401', 0, '2024-01-15 09:00:00'),
(95, 'E018', '周杰', 2, '产品研发中心', '产品经理', 6, 91.5, '202401', 0, '2024-01-15 09:00:00'),
(96, 'E021', '郑华', 2, '研发部', '架构师', 6, 93.0, '202401', 0, '2024-01-15 09:00:00'),
(97, 'E026', '李明', 2, '技术研发中心', '高级工程师', 6, 90.5, '202401', 0, '2024-01-15 09:00:00'),
(98, 'E004', '周静', 3, '人事部', 'HR专员', 6, 89.5, '202401', 0, '2024-01-15 09:00:00'),
(99, 'E029', '陈静', 3, '人事部', '薪酬专员', 6, 90.0, '202401', 0, '2024-01-15 09:00:00'),
(100, 'E005', '吴敏', 4, '财务部', '会计', 6, 91.0, '202401', 0, '2024-01-15 09:00:00'),
(101, 'E032', '孙磊', 4, '财务部', '出纳', 6, 87.5, '202401', 0, '2024-01-15 09:00:00'),
(102, 'E011', '王磊', 5, '市场部', '市场经理', 6, 92.5, '202401', 0, '2024-01-15 09:00:00'),
(103, 'E036', '张伟', 5, '市场部', '品牌经理', 6, 90.5, '202401', 0, '2024-01-15 09:00:00'),
(104, 'E007', '张伟', 6, '运营部', '运营专员', 6, 88.0, '202401', 0, '2024-01-15 09:00:00'),
(105, 'E008', '刘洋', 7, '客服部', '客服专员', 6, 86.5, '202401', 0, '2024-01-15 09:00:00'),

-- 人力成本优化数据（真实成本）
(106, 'E001', '赵强', 1, '销售部', '销售经理', 7, 18500.0, '202401', 0, '2024-01-15 09:00:00'),
(107, 'E002', '刘芳', 2, '研发部', '高级工程师', 7, 22000.0, '202401', 0, '2024-01-15 09:00:00'),
(108, 'E019', '吴磊', 2, '技术研发中心', '技术总监', 7, 35000.0, '202401', 0, '2024-01-15 09:00:00'),
(109, 'E035', '李萍', 5, '市场部', '营销总监', 7, 32000.0, '202401', 0, '2024-01-15 09:00:00'),
(110, 'E031', '赵婷', 4, '财务部', '财务经理', 7, 28000.0, '202401', 0, '2024-01-15 09:00:00'),
(111, 'E003', '孙磊', 1, '销售部', '销售代表', 7, 12500.0, '202401', 0, '2024-01-15 09:00:00'),
(112, 'E020', '黄磊', 1, '销售部', '销售代表', 7, 11800.0, '202401', 0, '2024-01-15 09:00:00'),
(113, 'E018', '周杰', 2, '产品研发中心', '产品经理', 7, 26000.0, '202401', 0, '2024-01-15 09:00:00'),
(114, 'E021', '郑华', 2, '研发部', '架构师', 7, 30000.0, '202401', 0, '2024-01-15 09:00:00'),
(115, 'E026', '李明', 2, '技术研发中心', '高级工程师', 7, 24000.0, '202401', 0, '2024-01-15 09:00:00'),
(116, 'E004', '周静', 3, '人事部', 'HR专员', 7, 9500.0, '202401', 0, '2024-01-15 09:00:00'),
(117, 'E029', '陈静', 3, '人事部', '薪酬专员', 7, 10500.0, '202401', 0, '2024-01-15 09:00:00'),
(118, 'E005', '吴敏', 4, '财务部', '会计', 7, 12000.0, '202401', 0, '2024-01-15 09:00:00'),
(119, 'E032', '孙磊', 4, '财务部', '出纳', 7, 8500.0, '202401', 0, '2024-01-15 09:00:00'),
(120, 'E011', '王磊', 5, '市场部', '市场经理', 7, 19500.0, '202401', 0, '2024-01-15 09:00:00'),
(121, 'E036', '张伟', 5, '市场部', '品牌经理', 7, 17500.0, '202401', 0, '2024-01-15 09:00:00'),
(122, 'E007', '张伟', 6, '运营部', '运营专员', 7, 11000.0, '202401', 0, '2024-01-15 09:00:00'),
(123, 'E008', '刘洋', 7, '客服部', '客服专员', 7, 9000.0, '202401', 0, '2024-01-15 09:00:00'),
(124, 'E009', '陈晨', 8, '采购部', '采购专员', 7, 10000.0, '202401', 0, '2024-01-15 09:00:00'),
(125, 'E010', '赵婷', 9, '生产部', '生产主管', 7, 15500.0, '202401', 0, '2024-01-15 09:00:00'),
(126, 'E011', '孙丽', 10, '技术部', '技术专员', 7, 13500.0, '202401', 0, '2024-01-15 09:00:00'),

-- 人才发展预测数据（真实发展指数）
(127, 'E001', '赵强', 1, '销售部', '销售经理', 8, 88.5, '202401', 0, '2024-01-15 09:00:00'),
(128, 'E002', '刘芳', 2, '研发部', '高级工程师', 8, 91.2, '202401', 0, '2024-01-15 09:00:00'),
(129, 'E019', '吴磊', 2, '技术研发中心', '技术总监', 8, 94.5, '202401', 0, '2024-01-15 09:00:00'),
(130, 'E035', '李萍', 5, '市场部', '营销总监', 8, 92.8, '202401', 0, '2024-01-15 09:00:00'),
(131, 'E031', '赵婷', 4, '财务部', '财务经理', 8, 90.5, '202401', 0, '2024-01-15 09:00:00'),
(132, 'E003', '孙磊', 1, '销售部', '销售代表', 8, 86.5, '202401', 0, '2024-01-15 09:00:00'),
(133, 'E020', '黄磊', 1, '销售部', '销售代表', 8, 84.2, '202401', 0, '2024-01-15 09:00:00'),
(134, 'E018', '周杰', 2, '产品研发中心', '产品经理', 8, 89.8, '202401', 0, '2024-01-15 09:00:00'),
(135, 'E021', '郑华', 2, '研发部', '架构师', 8, 92.5, '202401', 0, '2024-01-15 09:00:00'),
(136, 'E026', '李明', 2, '技术研发中心', '高级工程师', 8, 90.0, '202401', 0, '2024-01-15 09:00:00'),
(137, 'E004', '周静', 3, '人事部', 'HR专员', 8, 87.5, '202401', 0, '2024-01-15 09:00:00'),
(138, 'E029', '陈静', 3, '人事部', '薪酬专员', 8, 88.8, '202401', 0, '2024-01-15 09:00:00'),
(139, 'E005', '吴敏', 4, '财务部', '会计', 8, 89.5, '202401', 0, '2024-01-15 09:00:00'),
(140, 'E032', '孙磊', 4, '财务部', '出纳', 8, 86.0, '202401', 0, '2024-01-15 09:00:00'),
(141, 'E011', '王磊', 5, '市场部', '市场经理', 8, 91.0, '202401', 0, '2024-01-15 09:00:00'),
(142, 'E036', '张伟', 5, '市场部', '品牌经理', 8, 89.5, '202401', 0, '2024-01-15 09:00:00'),
(143, 'E007', '张伟', 6, '运营部', '运营专员', 8, 87.0, '202401', 0, '2024-01-15 09:00:00'),
(144, 'E008', '刘洋', 7, '客服部', '客服专员', 8, 85.5, '202401', 0, '2024-01-15 09:00:00'),
(145, 'E009', '陈晨', 8, '采购部', '采购专员', 8, 88.0, '202401', 0, '2024-01-15 09:00:00'),
(146, 'E010', '赵婷', 9, '生产部', '生产主管', 8, 90.0, '202401', 0, '2024-01-15 09:00:00'),
(147, 'E011', '孙丽', 10, '技术部', '技术专员', 8, 89.0, '202401', 0, '2024-01-15 09:00:00');

-- 202402月份数据（模拟真实业务变化）
(148, 'E001', '赵强', 1, '销售部', '销售经理', 1, 88.8, '202402', 0, '2024-02-15 09:00:00'),
(149, 'E002', '刘芳', 2, '研发部', '高级工程师', 1, 91.5, '202402', 0, '2024-02-15 09:00:00'),
(150, 'E003', '孙磊', 1, '销售部', '销售代表', 1, 83.0, '202402', 0, '2024-02-15 09:00:00'),
(151, 'E020', '黄磊', 1, '销售部', '销售代表', 1, 80.1, '202402', 0, '2024-02-15 09:00:00'),
(152, 'E015', '杨帆', 1, '销售部', '销售主管', 1, 86.2, '202402', 0, '2024-02-15 09:00:00'),
(153, 'E025', '周涛', 1, '销售部', '销售经理', 1, 89.2, '202402', 0, '2024-02-15 09:00:00'),
(154, 'E004', '赵六', 2, '研发部', '工程师', 2, 84.5, '202402', 0, '2024-02-15 09:00:00'),
(155, 'E018', '周杰', 2, '产品研发中心', '产品经理', 2, 87.8, '202402', 0, '2024-02-15 09:00:00'),
(156, 'E019', '吴磊', 2, '技术研发中心', '技术总监', 2, 92.5, '202402', 0, '2024-02-15 09:00:00'),
(157, 'E021', '郑华', 2, '研发部', '架构师', 2, 89.8, '202402', 0, '2024-02-15 09:00:00'),
(158, 'E026', '李明', 2, '技术研发中心', '高级工程师', 2, 87.2, '202402', 0, '2024-02-15 09:00:00'),
(159, 'E027', '王芳', 3, '人事部', '招聘经理', 2, 85.5, '202402', 0, '2024-02-15 09:00:00'),
(160, 'E028', '张丽', 3, '人事部', '培训主管', 2, 84.0, '202402', 0, '2024-02-15 09:00:00'),
(161, 'E005', '吴敏', 4, '财务部', '会计', 3, 13200.0, '202402', 0, '2024-02-15 09:00:00'),
(162, 'E031', '赵婷', 4, '财务部', '财务经理', 3, 28500.0, '202402', 0, '2024-02-15 09:00:00'),
(163, 'E032', '孙磊', 4, '财务部', '出纳', 3, 8800.0, '202402', 0, '2024-02-15 09:00:00'),
(164, 'E033', '周杰', 4, '财务部', '成本会计', 4, 86.5, '202402', 0, '2024-02-15 09:00:00'),
(165, 'E034', '吴芳', 4, '财务部', '审计专员', 4, 87.8, '202402', 0, '2024-02-15 09:00:00'),
(166, 'E011', '王磊', 5, '市场部', '市场经理', 4, 92.8, '202402', 0, '2024-02-15 09:00:00'),
(167, 'E035', '李萍', 5, '市场部', '营销总监', 4, 95.5, '202402', 0, '2024-02-15 09:00:00'),
(168, 'E036', '张伟', 5, '市场部', '品牌经理', 4, 90.2, '202402', 0, '2024-02-15 09:00:00'),
(169, 'E037', '刘芳', 5, '市场部', '市场专员', 4, 84.5, '202402', 0, '2024-02-15 09:00:00'),
(170, 'E038', '陈晨', 5, '市场部', '活动策划', 4, 86.8, '202402', 0, '2024-02-15 09:00:00'),
(171, 'E001', '赵强', 1, '销售部', '销售经理', 5, 7.2, '202402', 0, '2024-02-15 09:00:00'),
(172, 'E002', '刘芳', 2, '研发部', '高级工程师', 5, 3.8, '202402', 0, '2024-02-15 09:00:00'),
(173, 'E019', '吴磊', 2, '技术研发中心', '技术总监', 5, 3.2, '202402', 0, '2024-02-15 09:00:00'),
(174, 'E035', '李萍', 5, '市场部', '营销总监', 5, 2.8, '202402', 0, '2024-02-15 09:00:00'),
(175, 'E031', '赵婷', 4, '财务部', '财务经理', 5, 4.5, '202402', 0, '2024-02-15 09:00:00'),
(176, 'E001', '赵强', 1, '销售部', '销售经理', 6, 93.5, '202402', 0, '2024-02-15 09:00:00'),
(177, 'E002', '刘芳', 2, '研发部', '高级工程师', 6, 95.0, '202402', 0, '2024-02-15 09:00:00'),
(178, 'E019', '吴磊', 2, '技术研发中心', '技术总监', 6, 97.0, '202402', 0, '2024-02-15 09:00:00'),
(179, 'E035', '李萍', 5, '市场部', '营销总监', 6, 96.0, '202402', 0, '2024-02-15 09:00:00'),
(180, 'E031', '赵婷', 4, '财务部', '财务经理', 6, 94.5, '202402', 0, '2024-02-15 09:00:00'),
(181, 'E003', '孙磊', 1, '销售部', '销售代表', 6, 88.0, '202402', 0, '2024-02-15 09:00:00'),
(182, 'E020', '黄磊', 1, '销售部', '销售代表', 6, 85.5, '202402', 0, '2024-02-15 09:00:00'),
(183, 'E018', '周杰', 2, '产品研发中心', '产品经理', 6, 92.5, '202402', 0, '2024-02-15 09:00:00'),
(184, 'E021', '郑华', 2, '研发部', '架构师', 6, 94.0, '2022', 0, '2024-02-15 09:00:00'),
(185, 'E026', '李明', 2, '技术研发中心', '高级工程师', 6, 91.5, '202402', 0, '2024-02-15 09:00:00'),
(186, 'E001', '赵强', 1, '销售部', '销售经理', 7, 19200.0, '202402', 0, '2024-02-15 09:00:00'),
(187, 'E002', '刘芳', 2, '研发部', '高级工程师', 7, 22800.0, '202402', 0, '2024-02-15 09:00:00'),
(188, 'E019', '吴磊', 2, '技术研发中心', '技术总监', 7, 36000.0, '202402', 0, '2024-02-15 09:00:00'),
(189, 'E035', '李萍', 5, '市场部', '营销总监', 7, 33000.0, '202402', 0, '2024-02-15 09:00:00'),
(190, 'E031', '赵婷', 4, '财务部', '财务经理', 7, 28800.0, '202402', 0, '2024-02-15 09:00:00'),
(191, 'E003', '孙磊', 1, '销售部', '销售代表', 7, 12800.0, '202402', 0, '2024-02-15 09:00:00'),
(192, 'E020', '黄磊', 1, '销售部', '销售代表', 7, 12100.0, '202402', 0, '2024-02-15 09:00:00'),
(193, 'E018', '周杰', 2, '产品研发中心', '产品经理', 7, 26500.0, '202402', 0, '2024-02-15 09:00:00'),
(194, 'E021', '郑华', 2, '研发部', '架构师', 7, 30500.0, '202402', 0, '2024-02-15 09:00:00'),
(195, 'E026', '李明', 2, '技术研发中心', '高级工程师', 7, 24500.0, '202402', 0, '2024-02-15 09:00:00'),
(196, 'E001', '赵强', 1, '销售部', '销售经理', 8, 90.0, '202402', 0, '2024-02-15 09:00:00'),
(197, 'E002', '刘芳', 2, '研发部', '高级工程师', 8, 92.5, '202402', 0, '2024-02-15 09:00:00'),
(198, 'E019', '吴磊', 2, '技术研发中心', '技术总监', 8, 95.5, '202402', 0, '2024-02-15 09:00:00'),
(199, 'E035', '李萍', 5, '市场部', '营销总监', 8, 93.5, '202402', 0, '2024-02-15 09:00:00'),
(200, 'E031', '赵婷', 4, '财务部', '财务经理', 8, 91.5, '202402', 0, '2024-02-15 09:00:00');

-- 继续插入更多真实数据...
INSERT INTO hr_db.employee_profile VALUES
(201, 'E015', '杨帆', 1, '销售部', '销售主管', 2, 84.5, '202401', 0, '2024-01-15 09:00:00'),
(202, 'E025', '周涛', 1, '销售部', '销售经理', 2, 87.8, '202401', 0, '2024-01-15 09:00:00'),
(203, 'E015', '杨帆', 1, '销售部', '销售主管', 3, 15500.0, '202401', 0, '2024-01-15 09:00:00'),
(204, 'E025', '周涛', 1, '销售部', '销售经理', 3, 19500.0, '202401', 0, '2024-01-15 09:00:00'),
(205, 'E015', '杨帆', 1, '销售部', '销售主管', 4, 90.5, '202401', 0, '2024-01-15 09:00:00'),
(206, 'E025', '周涛', 1, '销售部', '销售经理', 4, 93.0, '202401', 0, '2024-01-15 09:00:00'),
(207, 'E015', '杨帆', 1, '销售部', '销售主管', 5, 6.5, '202401', 0, '2024-01-15 09:00:00'),
(208, 'E025', '周涛', 1, '销售部', '销售经理', 5, 5.8, '202401', 0, '2024-01-15 09:00:00'),
(209, 'E015', '杨帆', 1, '销售部', '销售主管', 6, 89.5, '202401', 0, '2024-01-15 09:00:00'),
(210, 'E025', '周涛', 1, '销售部', '销售经理', 6, 91.5, '202401', 0, '2024-01-15 09:00:00'),
(211, 'E015', '杨帆', 1, '销售部', '销售主管', 7, 15800.0, '202401', 0, '2024-01-15 09:00:00'),
(212, 'E025', '周涛', 1, '销售部', '销售经理', 7, 19800.0, '202401', 0, '2024-01-15 09:00:00'),
(213, 'E015', '杨帆', 1, '销售部', '销售主管', 8, 89.0, '202401', 0, '2024-01-15 09:00:00'),
(214, 'E025', '周涛', 1, '销售部', '销售经理', 8, 92.0, '202401', 0, '2024-01-15 09:00:00'),
(215, 'E027', '王芳', 3, '人事部', '招聘经理', 2, 86.5, '202401', 0, '2024-01-15 09:00:00'),
(216, 'E028', '张丽', 3, '人事部', '培训主管', 2, 85.0, '202401', 0, '2024-01-15 09:00:00'),
(217, 'E027', '王芳', 3, '人事部', '招聘经理', 3, 11000.0, '202401', 0, '2024-01-15 09:00:00'),
(218, 'E028', '张丽', 3, '人事部', '培训主管', 3, 10800.0, '202401', 0, '2024-01-15 09:00:00'),
(219, 'E027', '王芳', 3, '人事部', '招聘经理', 4, 88.0, '202401', 0, '2024-01-15 09:00:00'),
(220, 'E028', '张丽', 3, '人事部', '培训主管', 4, 87.5, '202401', 0, '2024-01-15 09:00:00'),
(221, 'E027', '王芳', 3, '人事部', '招聘经理', 5, 5.2, '202401', 0, '2024-01-15 09:00:00'),
(222, 'E028', '张丽', 3, '人事部', '培训主管', 5, 4.8, '202401', 0, '2024-01-15 09:00:00'),
(223, 'E027', '王芳', 3, '人事部', '招聘经理', 6, 90.5, '202401', 0, '2024-01-15 09:00:00'),
(224, 'E028', '张丽', 3, '人事部', '培训主管', 6, 91.0, '202401', 0, '2024-01-15 09:00:00'),
(225, 'E027', '王芳', 3, '人事部', '招聘经理', 7, 11200.0, '202401', 0, '2024-01-15 09:00:00'),
(226, 'E028', '张丽', 3, '人事部', '培训主管', 7, 10900.0, '202401', 0, '2024-01-15 09:00:00'),
(227, 'E027', '王芳', 3, '人事部', '招聘经理', 8, 89.5, '202401', 0, '2024-01-15 09:00:00'),
(228, 'E028', '张丽', 3, '人事部', '培训主管', 8, 90.5, '202401', 0, '2024-01-15 09:00:00'),
(229, 'E029', '陈静', 3, '人事部', '薪酬专员', 2, 87.0, '202401', 0, '2024-01-15 09:00:00'),
(230, 'E030', '刘洋', 3, '人事部', '人事经理', 2, 88.5, '202401', 0, '2024-01-15 09:00:00'),
(231, 'E029', '陈静', 3, '人事部', '薪酬专员', 3, 10800.0, '202401', 0, '2024-01-15 09:00:00'),
(232, 'E030', '刘洋', 3, '人事部', '人事经理', 3, 15000.0, '202401', 0, '2024-01-15 09:00:00'),
(233, 'E029', '陈静', 3, '人事部', '薪酬专员', 4, 89.5, '202401', 0, '2024-01-15 09:00:00'),
(234, 'E030', '刘洋', 3, '人事部', '人事经理', 4, 91.0, '202401', 0, '2024-01-15 09:00:00'),
(235, 'E029', '陈静', 3, '人事部', '薪酬专员', 5, 4.5, '202401', 0, '2024-01-15 09:00:00'),
(236, 'E030', '刘洋', 3, '人事部', '人事经理', 5, 3.8, '202401', 0, '2024-01-15 09:00:00'),
(237, 'E029', '陈静', 3, '人事部', '薪酬专员', 6, 91.0, '202401', 0, '2024-01-15 09:00:00'),
(238, 'E030', '刘洋', 3, '人事部', '人事经理', 6, 92.5, '202401', 0, '2024-01-15 09:00:00'),
(239, 'E029', '陈静', 3, '人事部', '薪酬专员', 7, 10900.0, '202401', 0, '2024-01-15 09:00:00'),
(240, 'E030', '刘洋', 3, '人事部', '人事经理', 7, 15200.0, '202401', 0, '2024-01-15 09:00:00'),
(241, 'E029', '陈静', 3, '人事部', '薪酬专员', 8, 90.5, '202401', 0, '2024-01-15 09:00:00'),
(242, 'E030', '刘洋', 3, '人事部', '人事经理', 8, 91.0, '202401', 0, '2024-01-15 09:00:00'),
(243, 'E033', '周杰', 4, '财务部', '成本会计', 2, 86.5, '202401', 0, '2024-01-15 09:00:00'),
(244, 'E034', '吴芳', 4, '财务部', '审计专员', 2, 87.8, '202401', 0, '2024-01-15 09:00:00'),
(245, 'E033', '周杰', 4, '财务部', '成本会计', 3, 11500.0, '202401', 0, '2024-01-15 09:00:00'),
(246, 'E034', '吴芳', 4, '财务部', '审计专员', 3, 11800.0, '202401', 0, '2024-01-15 09:00:00'),
(247, 'E033', '周杰', 4, '财务部', '成本会计', 4, 87.5, '202401', 0, '2024-01-15 09:00:00'),
(248, 'E034', '吴芳', 4, '财务部', '审计专员', 4, 88.5, '202401', 0, '2024-01-15 09:00:00'),
(249, 'E033', '周杰', 4, '财务部', '成本会计', 5, 5.2, '202401', 0, '2024-01-15 09:00:00'),
(250, 'E034', '吴芳', 4, '财务部', '审计专员', 5, 6.8, '202401', 0, '2024-01-15 09:00:00');

-- 市场部员工数据补充
(251, 'E011', '王磊', 5, '市场部', '市场经理', 2, 87.5, '202401', 0, '2024-01-15 09:00:00'),
(252, 'E035', '李萍', 5, '市场部', '营销总监', 2, 91.8, '202401', 0, '2024-01-15 09:00:00'),
(253, 'E036', '张伟', 5, '市场部', '品牌经理', 2, 86.2, '202401', 0, '2024-01-15 09:00:00'),
(254, 'E037', '刘芳', 5, '市场部', '市场专员', 2, 83.4, '202401', 0, '2024-01-15 09:00:00'),
(255, 'E038', '陈晨', 5, '市场部', '活动策划', 2, 85.9, '202401', 0, '2024-01-15 09:00:00'),
(256, 'E011', '王磊', 5, '市场部', '市场经理', 3, 19500.0, '202401', 0, '2024-01-15 09:00:00'),
(257, 'E035', '李萍', 5, '市场部', '营销总监', 3, 32000.0, '202401', 0, '2024-01-15 09:00:00'),
(258, 'E036', '张伟', 5, '市场部', '品牌经理', 3, 17500.0, '202401', 0, '2024-01-15 09:00:00'),
(259, 'E037', '刘芳', 5, '市场部', '市场专员', 3, 10500.0, '202401', 0, '2024-01-15 09:00:00'),
(260, 'E038', '陈晨', 5, '市场部', '活动策划', 3, 11000.0, '202401', 0, '2024-01-15 09:00:00'),
(261, 'E011', '王磊', 5, '市场部', '市场经理', 4, 91.5, '202401', 0, '2024-01-15 09:00:00'),
(262, 'E035', '李萍', 5, '市场部', '营销总监', 4, 95.0, '202401', 0, '2024-01-15 09:00:00'),
(263, 'E036', '张伟', 5, '市场部', '品牌经理', 4, 89.5, '202401', 0, '2024-01-15 09:00:00'),
(264, 'E037', '刘芳', 5, '市场部', '市场专员', 4, 84.5, '202401', 0, '2024-01-15 09:00:00'),
(265, 'E038', '陈晨', 5, '市场部', '活动策划', 4, 85.8, '202401', 0, '2024-01-15 09:00:00'),
(266, 'E011', '王磊', 5, '市场部', '市场经理', 5, 6.2, '202401', 0, '2024-01-15 09:00:00'),
(267, 'E035', '李萍', 5, '市场部', '营销总监', 5, 3.5, '202401', 0, '2024-01-15 09:00:00'),
(268, 'E036', '张伟', 5, '市场部', '品牌经理', 5, 5.8, '202401', 0, '2024-01-15 09:00:00'),
(269, 'E037', '刘芳', 5, '市场部', '市场专员', 5, 7.3, '202401', 0, '2024-01-15 09:00:00'),
(270, 'E038', '陈晨', 5, '市场部', '活动策划', 5, 5.5, '202401', 0, '2024-01-15 09:00:00'),
(271, 'E011', '王磊', 5, '市场部', '市场经理', 6, 92.5, '202401', 0, '2024-01-15 09:00:00'),
(272, 'E035', '李萍', 5, '市场部', '营销总监', 6, 96.0, '2021', 0, '2024-01-15 09:00:00'),
(273, 'E036', '张伟', 5, '市场部', '品牌经理', 6, 90.5, '202401', 0, '2024-01-15 09:00:00'),
(274, 'E037', '刘芳', 5, '市场部', '市场专员', 6, 88.0, '202401', 0, '2024-01-15 09:00:00'),
(275, 'E038', '陈晨', 5, '市场部', '活动策划', 6, 89.5, '202401', 0, '2024-01-15 09:00:00'),
(276, 'E011', '王磊', 5, '市场部', '市场经理', 7, 19800.0, '202401', 0, '2024-01-15 09:00:00'),
(277, 'E035', '李萍', 5, '市场部', '营销总监', 7, 32500.0, '202401', 0, '2024-01-15 09:00:00'),
(278, 'E036', '张伟', 5, '市场部', '品牌经理', 7, 17800.0, '202401', 0, '2024-01-15 09:00:00'),
(279, 'E037', '刘芳', 5, '市场部', '市场专员', 7, 10800.0, '202401', 0, '2024-01-15 09:00:00'),
(280, 'E038', '陈晨', 5, '市场部', '活动策划', 7, 11200.0, '202401', 0, '2024-01-15 09:00:00'),
(281, 'E011', '王磊', 5, '市场部', '市场经理', 8, 93.5, '202401', 0, '2024-01-15 09:00:00'),
(282, 'E035', '李萍', 5, '市场部', '营销总监', 8, 95.5, '202401', 0, '2024-01-15 09:00:00'),
(283, 'E036', '张伟', 5, '市场部', '品牌经理', 8, 91.0, '202401', 0, '2024-01-15 09:00:00'),
(284, 'E037', '刘芳', 5, '市场部', '市场专员', 8, 89.5, '202401', 0, '2024-01-15 09:00:00'),
(285, 'E038', '陈晨', 5, '市场部', '活动策划', 8, 90.0, '202401', 0, '2024-01-15 09:00:00');

-- 其他部门补充数据
(286, 'E007', '张伟', 6, '运营部', '运营专员', 1, 83.5, '202401', 0, '2024-01-15 09:00:00'),
(287, 'E008', '刘洋', 7, '客服部', '客服专员', 1, 84.2, '202401', 0, '2024-01-15 09:00:00'),
(288, 'E009', '陈晨', 8, '采购部', '采购专员', 1, 85.5, '202401', 0, '2024-01-15 09:00:00'),
(289, 'E010', '赵婷', 9, '生产部', '生产主管', 1, 86.8, '202401', 0, '2024-01-15 09:00:00'),
(290, 'E011', '孙丽', 10, '技术部', '技术专员', 1, 87.5, '202401', 0, '2024-01-15 09:00:00'),
(291, 'E014', '郑敏', 17, '测试中心', '测试工程师', 1, 85.0, '202401', 0, '2024-01-15 09:00:00'),
(292, 'E007', '张伟', 6, '运营部', '运营专员', 2, 84.8, '202401', 0, '2024-01-15 09:00:00'),
(293, 'E008', '刘洋', 7, '客服部', '客服专员', 2, 85.5, '202401', 0, '2024-01-15 09:00:00'),
(294, 'E009', '陈晨', 8, '采购部', '采购专员', 2, 86.0, '202401', 0, '2024-01-15 09:00:00'),
(295, 'E010', '赵婷', 9, '生产部', '生产主管', 2, 87.5, '202401', 0, '2024-01-15 09:00:00'),
(296, 'E011', '孙丽', 10, '技术部', '技术专员', 2, 88.0, '202401', 0, '2024-01-15 09:00:00'),
(297, 'E014', '郑敏', 17, '测试中心', '测试工程师', 2, 86.5, '202401', 0, '2024-01-15 09:00:00'),
(298, 'E007', '张伟', 6, '运营部', '运营专员', 3, 11200.0, '202401', 0, '2024-01-15 09:00:00'),
(299, 'E008', '刘洋', 7, '客服部', '客服专员', 3, 9200.0, '202401', 0, '2024-01-15 09:00:00'),
(300, 'E009', '陈晨', 8, '采购部', '采购专员', 3, 10200.0, '202401', 0, '2024-01-15 09:00:00'),
(301, 'E010', '赵婷', 9, '生产部', '生产主管', 3, 16000.0, '202401', 0, '2024-01-15 09:00:00'),
(302, 'E011', '孙丽', 10, '技术部', '技术专员', 3, 13800.0, '202401', 0, '2024-01-15 09:00:00'),
(303, 'E014', '郑敏', 17, '测试中心', '测试工程师', 3, 14500.0, '202401', 0, '2024-01-15 09:00:00'),
(304, 'E007', '张伟', 6, '运营部', '运营专员', 4, 88.5, '202401', 0, '2024-01-15 09:00:00'),
(305, 'E008', '刘洋', 7, '客服部', '客服专员', 4, 86.0, '202401', 0, '2024-01-15 09:00:00'),
(306, 'E009', '陈晨', 8, '采购部', '采购专员', 4, 87.0, '202401', 0, '2024-01-15 09:00:00'),
(307, 'E010', '赵婷', 9, '生产部', '生产主管', 4, 89.5, '202401', 0, '2024-01-15 09:00:00'),
(308, 'E011', '孙丽', 10, '技术部', '技术专员', 4, 89.0, '202401', 0, '2024-01-15 09:00:00'),
(309, 'E014', '郑敏', 17, '测试中心', '测试工程师', 4, 87.5, '202401', 0, '2024-01-15 09:00:00'),
(310, 'E007', '张伟', 6, '运营部', '运营专员', 5, 7.5, '202401', 0, '2024-01-15 09:00:00'),
(311, 'E008', '刘洋', 7, '客服部', '客服专员', 5, 6.8, '202401', 0, '2024-01-15 09:00:00'),
(312, 'E009', '陈晨', 8, '采购部', '采购专员', 5, 5.5, '202401', 0, '2024-01-15 09:00:00'),
(313, 'E010', '赵婷', 9, '生产部', '生产主管', 5, 4.8, '202401', 0, '2024-01-15 09:00:00'),
(314, 'E011', '孙丽', 10, '技术部', '技术专员', 5, 4.2, '202401', 0, '2024-01-15 09:00:00'),
(315, 'E014', '郑敏', 17, '测试中心', '测试工程师', 5, 8.5, '202401', 0, '2024-01-15 09:00:00'),
(316, 'E007', '张伟', 6, '运营部', '运营专员', 6, 91.0, '202401', 0, '2024-01-15 09:00:00'),
(317, 'E008', '刘洋', 7, '客服部', '客服专员', 6, 90.5, '202401', 0, '2024-01-15 09:00:00'),
(318, 'E009', '陈晨', 8, '采购部', '采购专员', 6, 88.5, '202401', 0, '2024-01-15 09:00:00'),
(319, 'E010', '赵婷', 9, '生产部', '生产主管', 6, 92.0, '202401', 0, '2024-01-15 09:00:00'),
(320, 'E011', '孙丽', 10, '技术部', '技术专员', 6, 91.5, '202401', 0, '2024-01-15 09:00:00'),
(321, 'E014', '郑敏', 17, '测试中心', '测试工程师', 6, 92.5, '202401', 0, '2024-01-15 09:00:00'),
(322, 'E007', '张伟', 6, '运营部', '运营专员', 7, 11300.0, '202401', 0, '2024-01-15 09:00:00'),
(323, 'E008', '刘洋', 7, '客服部', '客服专员', 7, 9300.0, '202401', 0, '2024-01-15 09:00:00'),
(324, 'E009', '陈晨', 8, '采购部', '采购专员', 7, 10300.0, '202401', 0, '2024-01-15 09:00:00'),
(325, 'E010', '赵婷', 9, '生产部', '生产主管', 7, 16200.0, '202401', 0, '2024-01-15 09:00:00'),
(326, 'E011', '孙丽', 10, '技术部', '技术专员', 7, 14000.0, '202401', 0, '2024-01-15 09:00:00'),
(327, 'E014', '郑敏', 17, '测试中心', '测试工程师', 7, 14800.0, '202401', 0, '2024-01-15 09:00:00'),
(328, 'E007', '张伟', 6, '运营部', '运营专员', 8, 92.5, '202401', 0, '2024-01-15 09:00:00'),
(329, 'E008', '刘洋', 7, '客服部', '客服专员', 8, 91.0, '202401', 0, '2024-01-15 09:00:00'),
(330, 'E009', '陈晨', 8, '采购部', '采购专员', 8, 89.0, '202401', 0, '2024-01-15 09:00:00'),
(331, 'E010', '赵婷', 9, '生产部', '生产主管', 8, 93.5, '202401', 0, '2024-01-15 09:00:00'),
(332, 'E011', '孙丽', 10, '技术部', '技术专员', 8, 92.0, '202401', 0, '2024-01-15 09:00:00'),
(333, 'E014', '郑敏', 17, '测试中心', '测试工程师', 8, 93.5, '202401', 0, '2024-01-15 09:00:00'),
(334, 'E007', '张伟', 6, '运营部', '运营专员', 7, 11400.0, '202402', 0, '2024-02-15 09:00:00'),
(335, 'E008', '刘洋', 7, '客服部', '客服专员', 7, 9400.0, '202402', 0, '2024-02-15 09:00:00'),
(336, 'E009', '陈晨', 8, '采购部', '采购专员', 7, 10400.0, '202402', 0, '2024-02-15 09:00:00'),
(337, 'E010', '赵婷', 9, '生产部', '生产主管', 7, 16500.0, '202402', 0, '2024-02-15 09:00:00'),
(338, 'E011', '孙丽', 10, '技术部', '技术专员', 7, 14200.0, '202402', 0, '2024-02-15 09:00:00'),
(339, 'E014', '郑敏', 17, '测试中心', '测试工程师', 7, 15000.0, '202402', 0, '2024-02-15 09:00:00');

-- ------------------------------------------------------------
-- 3.5 warning_rule - 预警规则数据
-- ------------------------------------------------------------
INSERT INTO hr_db.warning_rule VALUES
(1, 'FLIGHT_RISK', 8.0, '员工流失率超过8%触发预警', 1, NULL, '2024-01-01 00:00:00', '2024-01-01 00:00:00'),
(2, 'TALENT_SHORTAGE', 3.0, '关键岗位空缺超过3人触发预警', 1, NULL, '2024-01-01 00:00:00', '2024-01-01 00:00:00'),
(3, 'COST_OVER', 15.0, '人力成本环比增长超过15%触发预警', 1, NULL, '2024-01-01 00:00:00', '2024-01-01 00:00:00'),
(4, 'FLIGHT_RISK', 10.0, '流失率超过10%严重预警', 0, NULL, '2024-01-01 00:00:00', '2024-01-01 00:00:00'),
(5, 'TALENT_SHORTAGE', 5.0, '关键岗位空缺超过5人严重预警', 0, NULL, '2024-01-01 00:00:00', '2024-01-01 00:00:00'),
(6, 'COST_OVER', 20.0, '人力成本环比增长超过20%严重预警', 0, NULL, '2024-01-01 00:00:00', '2024-01-01 00:00:00'),
(7, 'FLIGHT_RISK', 5.0, '流失率超过5%提醒', 0, NULL, '2024-01-01 00:00:00', '2024-01-01 00:00:00'),
(8, 'TALENT_SHORTAGE', 1.0, '关键岗位出现空缺即提醒', 0, NULL, '2024-01-01 00:00:00', '2024-01-01 00:00:00'),
(9, 'COST_OVER', 10.0, '人力成本环比增长超过10%提醒', 0, NULL, '2024-01-01 00:00:00', '2024-01-01 00:00:00'),
(10, 'FLIGHT_RISK', 12.0, '流失率超过12%紧急预警', 0, NULL, '2024-01-01 00:00:00', '2024-01-01 00:00:00');

-- ------------------------------------------------------------
-- 3.6 report_template - 报表模板数据
-- ------------------------------------------------------------
INSERT INTO hr_db.report_template VALUES
(1, '月度人员报表', '月度人员变动情况统计', 'PERSONNEL', '{"type":"table","columns":["employee_no","name","dept_name","job"]}', 'SELECT employee_no, name, dept_name, job FROM employee_profile WHERE period = ? AND is_deleted = 0', '{"period":"YYYYMM"}', '{"type":"column","title":"月度人员统计"}', 1, '2024-01-01 00:00:00', '2024-01-01 00:00:00', 1, NULL, 1),
(2, '季度绩效报表', '季度员工绩效评估汇总', 'PERFORMANCE', '{"type":"chart","chartType":"bar","metrics":["performance_score"]}', 'SELECT dept_name, AVG(value) as avg_score FROM employee_profile WHERE category_id = 4 AND period >= ? GROUP BY dept_name', '{"quarter":"YYYYQ"}', '{"type":"bar","title":"部门绩效对比"}', 1, '2024-01-01 00:00:00', '2024-01-01 00:00:00', 1, NULL, 1),
(3, '年度薪酬报表', '年度薪酬福利支出统计', 'COMPENSATION', '{"type":"chart","chartType":"pie","metrics":["salary_cost"]}', 'SELECT dept_name, SUM(value) as total_cost FROM employee_profile WHERE category_id = 3 AND period LIKE ? GROUP BY dept_name', '{"year":"YYYY"}', '{"type":"pie","title":"各部门薪酬占比"}', 1, '2024-01-01 00:00:00', '2024-01-01 00:00:00', 1, NULL, 1),
(4, '组织效能趋势报表', '组织效能月度趋势', 'EFFICIENCY', '{"type":"line","metrics":["efficiency"]}', 'SELECT period, AVG(value) as avg_val FROM employee_profile WHERE category_id = 1 GROUP BY period ORDER BY period', '{}', '{"type":"line","title":"组织效能趋势"}', 1, '2024-01-01 00:00:00', '2024-01-01 00:00:00', 1, NULL, 1),
(5, '人才梯队健康度报表', '人才梯队健康度分析', 'TALENT', '{"type":"radar","metrics":["talent_health"]}', 'SELECT dept_name, AVG(value) as avg_val FROM employee_profile WHERE category_id = 2 GROUP BY dept_name', '{}', '{"type":"radar","title":"人才梯队健康度"}', 1, '2024-01-01 00:00:00', '2024-01-01 00:00:00', 1, NULL, 1),
(6, '流失预警报表', '员工流失预警汇总', 'TURNOVER', '{"type":"table","columns":["dept_name","turnover_rate"]}', 'SELECT dept_name, AVG(value) as turnover_rate FROM employee_profile WHERE category_id = 5 GROUP BY dept_name', '{}', '{"type":"bar","title":"部门流失率"}', 1, '2024-01-01 00:00:00', '2024-01-01 00:00:00', 1, NULL, 1),
(7, '培训效果报表', '培训效果评估汇总', 'TRAINING', '{"type":"table","columns":["dept_name","avg_score"]}', 'SELECT dept_name, AVG(value) as avg_score FROM employee_profile WHERE category_id = 6 GROUP BY dept_name', '{}', '{"type":"bar","title":"部门培训得分"}', 1, '2024-01-01 00:00:00', '2024-01-01 00:00:00', 1, NULL, 1),
(8, '人力成本报表', '人力成本结构分析', 'COST', '{"type":"pie","metrics":["cost"]}', 'SELECT dept_name, SUM(value) as total FROM employee_profile WHERE category_id = 7 GROUP BY dept_name', '{}', '{"type":"pie","title":"部门成本占比"}', 1, '2024-01-01 00:00:00', '2024-01-01 00:00:00', 1, NULL, 1),
(9, '人才发展预测报表', '人才发展预测分析', 'DEVELOPMENT', '{"type":"line","metrics":["development"]}', 'SELECT period, AVG(value) as avg_val FROM employee_profile WHERE category_id = 8 GROUP BY period ORDER BY period', '{}', '{"type":"line","title":"人才发展指数"}', 1, '2024-01-01 00:00:00', '2024-01-01 00:00:00', 1, NULL, 1),
(10, '综合人力资源报表', '综合人力资源多维度报表', 'COMPREHENSIVE', '{"type":"mixed","metrics":["multi"]}', 'SELECT category_id, period, AVG(value) as avg_val FROM employee_profile WHERE is_deleted = 0 GROUP BY category_id, period ORDER BY period', '{}', '{"type":"mixed","title":"综合指标"}', 1, '2024-01-01 00:00:00', '2024-01-01 00:00:00', 1, NULL, 1);

-- ------------------------------------------------------------
-- 3.7 sys_favorite - 收藏数据
-- ------------------------------------------------------------
INSERT INTO hr_db.sys_favorite VALUES
(1, 1, 'REPORT', 1, '月度人员报表', '2024-01-01 00:00:00'),
(2, 1, 'REPORT', 2, '季度绩效报表', '2024-01-01 00:00:00'),
(3, 2, 'REPORT', 1, '月度人员报表', '2024-01-01 00:00:00'),
(4, 2, 'WARNING', NULL, '销售部流失预警', '2024-01-01 00:00:00'),
(5, 3, 'TALENT', NULL, '高潜人才-研发部', '2024-01-01 00:00:00'),
(6, 4, 'REPORT', 3, '年度薪酬报表', '2024-01-01 00:00:00'),
(7, 5, 'REPORT', 2, '季度绩效报表', '2024-01-01 00:00:00'),
(8, 5, 'WARNING', NULL, '人力成本超支预警', '2024-01-01 00:00:00'),
(9, 6, 'TALENT', NULL, '关键岗位人才', '2024-01-01 00:00:00'),
(10, 7, 'REPORT', 4, '组织效能趋势报表', '2024-01-01 00:00:00'),
(11, 8, 'REPORT', 5, '人才梯队健康度报表', '2024-01-01 00:00:00'),
(12, 9, 'WARNING', NULL, '人才缺口预警', '2024-01-01 00:00:00'),
(13, 10, 'REPORT', 6, '流失预警报表', '2024-01-01 00:00:00');

-- ------------------------------------------------------------
-- 3.8 data_sync_log - 数据同步日志数据
-- ------------------------------------------------------------
INSERT INTO hr_db.data_sync_log VALUES
(1, '2024-01-01 02:00:00', '2024-01-01 02:01:15', 'SUCCESS', 120, '全量同步employee_profile到Hive', '2024-01-01 02:00:00'),
(2, '2024-01-02 02:00:00', '2024-01-02 02:00:58', 'SUCCESS', 125, '全量同步', '2024-01-02 02:00:00'),
(3, '2024-01-03 02:00:00', '2024-01-03 02:01:02', 'SUCCESS', 130, '全量同步', '2024-01-03 02:00:00'),
(4, '2024-01-04 02:00:00', '2024-01-04 02:00:45', 'SUCCESS', 135, '全量同步', '2024-01-04 02:00:00'),
(5, '2024-01-05 02:00:00', '2024-01-05 02:01:20', 'SUCCESS', 140, '全量同步', '2024-01-05 02:00:00'),
(6, '2024-01-06 02:00:00', '2024-01-06 02:00:55', 'SUCCESS', 145, '全量同步', '2024-01-06 02:00:00'),
(7, '2024-01-07 02:00:00', '2024-01-07 02:01:10', 'SUCCESS', 150, '全量同步', '2024-01-07 02:00:00'),
(8, '2024-01-08 02:00:00', '2024-01-08 02:00:50', 'FAILED', 0, 'Hive连接超时', '2024-01-08 02:00:00'),
(9, '2024-01-09 02:00:00', '2024-01-09 02:01:05', 'SUCCESS', 155, '全量同步', '2024-01-09 02:00:00'),
(10, '2024-01-10 02:00:00', '2024-01-10 02:01:18', 'SUCCESS', 160, '全量同步', '2024-01-10 02:00:00'),
(11, '2024-02-01 10:30:00', '2024-02-01 10:31:00', 'SUCCESS', 25, '手动触发同步', '2024-02-01 10:30:00');

-- ------------------------------------------------------------
-- 3.9 sys_log - 操作日志数据
-- ------------------------------------------------------------
INSERT INTO hr_db.sys_log VALUES
(1, 1, 'admin', '用户登录', 'POST /api/auth/login', '{}', '192.168.1.100', '2024-01-01 00:00:00'),
(2, 1, 'admin', '查询用户列表', 'GET /api/admin/users', '{"page":1}', '192.168.1.100', '2024-01-01 00:00:00'),
(3, 2, 'S001', '用户登录', 'POST /api/auth/login', '{}', '192.168.1.101', '2024-01-01 00:00:00'),
(4, 2, 'S001', '查看组织效能分析', 'GET /api/analysis/organization-efficiency', '{"period":"202401"}', '192.168.1.101', '2024-01-01 00:00:00'),
(5, 3, 'S002', '用户登录', 'POST /api/auth/login', '{}', '192.168.1.102', '2024-01-01 00:00:00'),
(6, 1, 'admin', '数据同步', 'POST /api/admin/sync', '{}', '192.168.1.100', '2024-01-01 00:00:00'),
(7, 4, 'S003', '用户登录', 'POST /api/auth/login', '{}', '192.168.1.103', '2024-01-01 00:00:00'),
(8, 5, 'E001', '用户登录', 'POST /api/auth/login', '{}', '192.168.1.104', '2024-01-01 00:00:00'),
(9, 1, 'admin', '修改预警规则', 'PUT /api/rule/1', '{"threshold":9}', '192.168.1.100', '2024-01-01 00:00:00'),
(10, 2, 'S001', '导出报表', 'GET /api/report/export/1', '{}', '192.168.1.101', '2024-01-01 00:00:00'),
(11, 3, 'S002', '收藏报表', 'POST /api/favorite', '{"reportId":2,"title":"季度绩效"}', '192.168.1.102', '2024-01-01 00:00:00'),
(12, 1, 'admin', '新增用户', 'POST /api/admin/users', '{}', '192.168.1.100', '2024-01-01 00:00:00'),
(13, 6, 'E002', '用户登录', 'POST /api/auth/login', '{}', '192.168.1.105', '2024-01-01 00:00:00');

-- ============================================================
-- 4. 创建视图（支持前端图表展示和后端API查询）
-- ============================================================

-- ------------------------------------------------------------
-- 4.1 组织效能分析视图（对应 /api/analysis/organization-efficiency）
-- ------------------------------------------------------------
DROP VIEW IF EXISTS hr_db.vw_organization_efficiency;
CREATE VIEW hr_db.vw_organization_efficiency AS
SELECT
  dept_id,
  dept_name,
  AVG(value) AS avg_score,
  COUNT(DISTINCT employee_no) AS employee_count,
  period
FROM hr_db.employee_profile
WHERE category_id = 1 AND is_deleted = 0
GROUP BY dept_id, dept_name, period
ORDER BY period, avg_score DESC;

-- ------------------------------------------------------------
-- 4.2 人才梯队分析视图（对应 /api/analysis/talent-pipeline）
-- ------------------------------------------------------------
DROP VIEW IF EXISTS hr_db.vw_talent_pipeline;
CREATE VIEW hr_db.vw_talent_pipeline AS
SELECT
  dept_id,
  dept_name,
  AVG(value) AS avg_score,
  COUNT(DISTINCT employee_no) AS employee_count,
  period
FROM hr_db.employee_profile
WHERE category_id = 2 AND is_deleted = 0
GROUP BY dept_id, dept_name, period
ORDER BY period, avg_score DESC;

-- ------------------------------------------------------------
-- 4.3 薪酬福利分析视图（对应 /api/analysis/compensation-benefit）
-- ------------------------------------------------------------
DROP VIEW IF EXISTS hr_db.vw_compensation_benefit;
CREATE VIEW hr_db.vw_compensation_benefit AS
SELECT
  dept_id,
  dept_name,
  AVG(value) AS avg_salary,
  SUM(value) AS total_salary,
  COUNT(DISTINCT employee_no) AS employee_count,
  MIN(value) AS min_salary,
  MAX(value) AS max_salary,
  period
FROM hr_db.employee_profile
WHERE category_id = 3 AND is_deleted = 0
GROUP BY dept_id, dept_name, period
ORDER BY period, avg_salary DESC;

-- ------------------------------------------------------------
-- 4.4 绩效管理分析视图（对应 /api/analysis/performance-management）
-- ------------------------------------------------------------
DROP VIEW IF EXISTS hr_db.vw_performance_management;
CREATE VIEW hr_db.vw_performance_management AS
SELECT
  dept_id,
  dept_name,
  AVG(value) AS avg_score,
  COUNT(DISTINCT employee_no) AS employee_count,
  SUM(CASE WHEN value >= 90 THEN 1 ELSE 0 END) AS excellent_count,
  SUM(CASE WHEN value >= 80 AND value < 90 THEN 1 ELSE 0 END) AS good_count,
  SUM(CASE WHEN value >= 70 AND value < 80 THEN 1 ELSE 0 END) AS fair_count,
  SUM(CASE WHEN value < 70 THEN 1 ELSE 0 END) AS poor_count,
  period
FROM hr_db.employee_profile
WHERE category_id = 4 AND is_deleted = 0
GROUP BY dept_id, dept_name, period
ORDER BY period, avg_score DESC;

-- ------------------------------------------------------------
-- 4.5 员工流失分析视图（对应 /api/analysis/employee-turnover）
-- ------------------------------------------------------------
DROP VIEW IF EXISTS hr_db.vw_employee_turnover;
CREATE VIEW hr_db.vw_employee_turnover AS
SELECT
  dept_id,
  dept_name,
  AVG(value) AS avg_turnover_rate,
  COUNT(DISTINCT employee_no) AS employee_count,
  period
FROM hr_db.employee_profile
WHERE category_id = 5 AND is_deleted = 0
GROUP BY dept_id, dept_name, period
ORDER BY period, avg_turnover_rate DESC;

-- ------------------------------------------------------------
-- 4.6 培训效果分析视图（对应 /api/analysis/training-effect）
-- ------------------------------------------------------------
DROP VIEW IF EXISTS hr_db.vw_training_effect;
CREATE VIEW hr_db.vw_training_effect AS
SELECT
  dept_id,
  dept_name,
  AVG(value) AS avg_score,
  COUNT(DISTINCT employee_no) AS participant_count,
  MIN(value) AS min_score,
  MAX(value) AS max_score,
  period
FROM hr_db.employee_profile
WHERE category_id = 6 AND is_deleted = 0
GROUP BY dept_id, dept_name, period
ORDER BY period, avg_score DESC;

-- ------------------------------------------------------------
-- 4.7 人力成本优化视图（对应 /api/analysis/human-cost-optimization）
-- ------------------------------------------------------------
DROP VIEW IF EXISTS hr_db.vw_human_cost_optimization;
CREATE VIEW hr_db.vw_human_cost_optimization AS
SELECT
  dept_id,
  dept_name,
  SUM(value) AS total_cost,
  AVG(value) AS per_capita_cost,
  COUNT(DISTINCT employee_no) AS employee_count,
  period
FROM hr_db.employee_profile
WHERE category_id = 7 AND is_deleted = 0
GROUP BY dept_id, dept_name, period
ORDER BY period, total_cost DESC;

-- ------------------------------------------------------------
-- 4.8 人才发展预测视图（对应 /api/analysis/talent-development）
-- ------------------------------------------------------------
DROP VIEW IF EXISTS hr_db.vw_talent_development;
CREATE VIEW hr_db.vw_talent_development AS
SELECT
  dept_id,
  dept_name,
  AVG(value) AS development_score,
  COUNT(DISTINCT employee_no) AS employee_count,
  period
FROM hr_db.employee_profile
WHERE category_id = 8 AND is_deleted = 0
GROUP BY dept_id, dept_name, period
ORDER BY period, development_score DESC;

-- ------------------------------------------------------------
-- 4.9 综合分析视图（支持多维度数据查询）
-- ------------------------------------------------------------
DROP VIEW IF EXISTS hr_db.vw_comprehensive_analysis;
CREATE VIEW hr_db.vw_comprehensive_analysis AS
SELECT
  category_id,
  (SELECT name FROM hr_db.hr_data_category WHERE id = ep.category_id) AS category_name,
  dept_id,
  dept_name,
  AVG(value) AS avg_value,
  SUM(value) AS total_value,
  COUNT(DISTINCT employee_no) AS employee_count,
  MIN(value) AS min_value,
  MAX(value) AS max_value,
  period
FROM hr_db.employee_profile ep
WHERE ep.is_deleted = 0
GROUP BY category_id, dept_id, dept_name, period
ORDER BY period, category_id, avg_value DESC;

-- ============================================================
-- 5. 验证数据
-- ============================================================

-- 验证表数据量
SELECT 'hr_department' AS table_name, COUNT(*) AS row_count FROM hr_db.hr_department
UNION ALL
SELECT 'sys_user', COUNT(*) FROM hr_db.sys_user
UNION ALL
SELECT 'hr_data_category', COUNT(*) FROM hr_db.hr_data_category
UNION ALL
SELECT 'employee_profile', COUNT(*) FROM hr_db.employee_profile
UNION ALL
SELECT 'warning_rule', COUNT(*) FROM hr_db.warning_rule
UNION ALL
SELECT 'report_template', COUNT(*) FROM hr_db.report_template
UNION ALL
SELECT 'sys_favorite', COUNT(*) FROM hr_db.sys_favorite
UNION ALL
SELECT 'data_sync_log', COUNT(*) FROM hr_db.data_sync_log
UNION ALL
SELECT 'sys_log', COUNT(*) FROM hr_db.sys_log;

-- 验证视图数据
SELECT 'vw_organization_efficiency' AS view_name, COUNT(*) AS row_count FROM hr_db.vw_organization_efficiency
UNION ALL
SELECT 'vw_talent_pipeline', COUNT(*) FROM hr_db.vw_talent_pipeline
UNION ALL
SELECT 'vw_compensation_benefit', COUNT(*) FROM hr_db.vw_compensation_benefit
UNION ALL
SELECT 'vw_performance_management', COUNT(*) FROM hr_db.vw_performance_management
UNION ALL
SELECT 'vw_employee_turnover', COUNT(*) FROM hr_db.vw_employee_turnover
UNION ALL
SELECT 'vw_training_effect', COUNT(*) FROM hr_db.vw_training_effect
UNION ALL
SELECT 'vw_human_cost_optimization', COUNT(*) FROM hr_db.vw_human_cost_optimization
UNION ALL
SELECT 'vw_talent_development', COUNT(*) FROM hr_db.vw_talent_development
UNION ALL
SELECT 'vw_comprehensive_analysis', COUNT(*) FROM hr_db.vw_comprehensive_analysis;

-- ============================================================
-- 执行完成
-- ============================================================
SELECT 'Hive数据库初始化完成！使用真实企业模拟数据，完全对齐MySQL数据库结构，支持后端API和前端图表展示' AS message;
